{
  "ae1.node.check-host.net": [
    [1, 0.517580986022949, "OK", "200", "93.184.216.34"]
  ],
  "at1.node.check-host.net": [
    [1, 0.193639993667603, "OK", "200", "93.184.216.34"]
  ],
  "bg1.node.check-host.net": [
    [1, 0.235810995101929, "OK", "200", "93.184.216.34"]
  ],
  "br1.node.check-host.net": [
    [1, 0.242816925048828, "OK", "200", "93.184.216.34"]
  ],
  "ch1.node.check-host.net": [
    [1, 0.191992044448853, "OK", "200", "93.184.216.34"]
  ],
  "cz1.node.check-host.net": [
    [1, 0.196457862854004, "OK", "200", "93.184.216.34"]
  ],
  "de1.node.check-host.net": [
    [1, 0.165541887283325, "OK", 200, "93.184.216.34"]
  ],
  "de4.node.check-host.net": [
    [1, 0.162732124328613, "OK", "200", "93.184.216.34"]
  ],
  "fi1.node.check-host.net": [
    [1, 0.197784185409546, "OK", 200, "93.184.216.34"]
  ],
  "fr1.node.check-host.net": [
    [1, 0.143293142318726, "OK", "200", "93.184.216.34"]
  ],
  "fr2.node.check-host.net": [
    [1, 0.164099931716919, "OK", "200", "93.184.216.34"]
  ],
  "hk1.node.check-host.net": [
    [1, 0.268984079360962, "OK", "200", "93.184.216.34"]
  ],
  "il1.node.check-host.net": [
    [1, 0.271476984024048, "OK", "200", "93.184.216.34"]
  ],
  "in1.node.check-host.net": [
    [1, 0.475065946578979, "OK", "200", "93.184.216.34"]
  ],
  "ir1.node.check-host.net": [
    [1, 0.357911825180054, "OK", "200", "93.184.216.34"]
  ],
  "ir3.node.check-host.net": [
    [1, 0.414314031600952, "OK", "200", "93.184.216.34"]
  ],
  "ir4.node.check-host.net": [
    [1, 0.394243001937866, "OK", "200", "93.184.216.34"]
  ],
  "it2.node.check-host.net": [
    [1, 0.200255155563354, "OK", "200", "93.184.216.34"]
  ],
  "kz1.node.check-host.net": [
    [1, 0.334569931030273, "OK", "200", "93.184.216.34"]
  ],
  "lt1.node.check-host.net": [
    [1, 0.231969118118286, "OK", "200", "93.184.216.34"]
  ],
  "md1.node.check-host.net": [
    [1, 0.228870868682861, "OK", "200", "93.184.216.34"]
  ],
  "nl1.node.check-host.net": [
    [1, 0.15438985824585, "OK", "200", "93.184.216.34"]
  ],
  "pl1.node.check-host.net": [
    [1, 0.201679944992065, "OK", "200", "93.184.216.34"]
  ],
  "pl2.node.check-host.net": [
    [1, 0.212877035140991, "OK", "200", "93.184.216.34"]
  ],
  "pt1.node.check-host.net": [
    [1, 0.193362951278687, "OK", "200", "93.184.216.34"]
  ],
  "rs1.node.check-host.net": [
    [1, 0.195392847061157, "OK", "200", "93.184.216.34"]
  ],
  "ru1.node.check-host.net": [
    [1, 0.255003213882446, "OK", "200", "93.184.216.34"]
  ],
  "ru2.node.check-host.net": [
    [1, 0.22801399230957, "OK", "200", "93.184.216.34"]
  ],
  "ru3.node.check-host.net": [
    [1, 0.215517997741699, "OK", "200", "93.184.216.34"]
  ],
  "ru4.node.check-host.net": [
    [1, 0.302090883255005, "OK", "200", "93.184.216.34"]
  ],
  "th1.node.check-host.net": [
    [1, 0.431469917297363, "OK", "200", "93.184.216.34"]
  ],
  "tr1.node.check-host.net": [
    [1, 0.256472826004028, "OK", "200", "93.184.216.34"]
  ],
  "tr2.node.check-host.net": [
    [1, 0.280489921569824, "OK", "200", "93.184.216.34"]
  ],
  "ua1.node.check-host.net": [
    [1, 0.220292091369629, "OK", "200", "93.184.216.34"]
  ],
  "ua2.node.check-host.net": [
    [1, 0.234473943710327, "OK", "200", "93.184.216.34"]
  ],
  "ua3.node.check-host.net": [
    [1, 0.274915933609009, "OK", "200", "93.184.216.34"]
  ],
  "uk1.node.check-host.net": [
    [1, 0.135143995285034, "OK", "200", "93.184.216.34"]
  ],
  "us1.node.check-host.net": [
    [1, 0.00482892990112305, "OK", "200", "93.184.216.34"]
  ],
  "us3.node.check-host.net": [
    [1, 0.00229001045227051, "OK", "200", "93.184.216.34"]
  ]
}
